location_id,location_name,parameter,value,unit,datetimeUtc,datetimeLocal,timezone,latitude,longitude,country_iso,isMobile,isMonitor,owner_name,provider
6358,"Mandir Marg, New Delhi - DPCC","so2",13.4,"ppb","2025-05-17T00:15:00Z","2025-05-17T05:45:00+05:30","Asia/Kolkata",28.636429,77.201067,,,,"Delhi Pollution Control Committee","CPCB"
6358,"Mandir Marg, New Delhi - DPCC","so2",12.3,"ppb","2025-05-17T00:30:00Z","2025-05-17T06:00:00+05:30","Asia/Kolkata",28.636429,77.201067,,,,"Delhi Pollution Control Committee","CPCB"
6358,"Mandir Marg, New Delhi - DPCC","so2",11.8,"ppb","2025-05-17T00:45:00Z","2025-05-17T06:15:00+05:30","Asia/Kolkata",28.636429,77.201067,,,,"Delhi Pollution Control Committee","CPCB"
6358,"Mandir Marg, New Delhi - DPCC","so2",12.1,"ppb","2025-05-17T01:15:00Z","2025-05-17T06:45:00+05:30","Asia/Kolkata",28.636429,77.201067,,,,"Delhi Pollution Control Committee","CPCB"
6358,"Mandir Marg, New Delhi - DPCC","so2",13.4,"ppb","2025-05-17T01:30:00Z","2025-05-17T07:00:00+05:30","Asia/Kolkata",28.636429,77.201067,,,,"Delhi Pollution Control Committee","CPCB"
6358,"Mandir Marg, New Delhi - DPCC","so2",14.7,"ppb","2025-05-17T01:45:00Z","2025-05-17T07:15:00+05:30","Asia/Kolkata",28.636429,77.201067,,,,"Delhi Pollution Control Committee","CPCB"
6358,"Mandir Marg, New Delhi - DPCC","so2",11.8,"ppb","2025-05-17T02:00:00Z","2025-05-17T07:30:00+05:30","Asia/Kolkata",28.636429,77.201067,,,,"Delhi Pollution Control Committee","CPCB"
6358,"Mandir Marg, New Delhi - DPCC","so2",10.7,"ppb","2025-05-17T02:15:00Z","2025-05-17T07:45:00+05:30","Asia/Kolkata",28.636429,77.201067,,,,"Delhi Pollution Control Committee","CPCB"
6358,"Mandir Marg, New Delhi - DPCC","so2",10.5,"ppb","2025-05-17T02:30:00Z","2025-05-17T08:00:00+05:30","Asia/Kolkata",28.636429,77.201067,,,,"Delhi Pollution Control Committee","CPCB"
6358,"Mandir Marg, New Delhi - DPCC","so2",8.6,"ppb","2025-05-17T02:45:00Z","2025-05-17T08:15:00+05:30","Asia/Kolkata",28.636429,77.201067,,,,"Delhi Pollution Control Committee","CPCB"
6358,"Mandir Marg, New Delhi - DPCC","so2",10.2,"ppb","2025-05-17T03:00:00Z","2025-05-17T08:30:00+05:30","Asia/Kolkata",28.636429,77.201067,,,,"Delhi Pollution Control Committee","CPCB"
6358,"Mandir Marg, New Delhi - DPCC","so2",10.2,"ppb","2025-05-17T03:15:00Z","2025-05-17T08:45:00+05:30","Asia/Kolkata",28.636429,77.201067,,,,"Delhi Pollution Control Committee","CPCB"
6358,"Mandir Marg, New Delhi - DPCC","so2",12.1,"ppb","2025-05-17T03:30:00Z","2025-05-17T09:00:00+05:30","Asia/Kolkata",28.636429,77.201067,,,,"Delhi Pollution Control Committee","CPCB"
6358,"Mandir Marg, New Delhi - DPCC","so2",12.3,"ppb","2025-05-17T03:45:00Z","2025-05-17T09:15:00+05:30","Asia/Kolkata",28.636429,77.201067,,,,"Delhi Pollution Control Committee","CPCB"
6358,"Mandir Marg, New Delhi - DPCC","so2",12.1,"ppb","2025-05-17T04:00:00Z","2025-05-17T09:30:00+05:30","Asia/Kolkata",28.636429,77.201067,,,,"Delhi Pollution Control Committee","CPCB"
6358,"Mandir Marg, New Delhi - DPCC","so2",10.5,"ppb","2025-05-17T04:15:00Z","2025-05-17T09:45:00+05:30","Asia/Kolkata",28.636429,77.201067,,,,"Delhi Pollution Control Committee","CPCB"
6358,"Mandir Marg, New Delhi - DPCC","so2",10.5,"ppb","2025-05-17T04:30:00Z","2025-05-17T10:00:00+05:30","Asia/Kolkata",28.636429,77.201067,,,,"Delhi Pollution Control Committee","CPCB"
6358,"Mandir Marg, New Delhi - DPCC","so2",10.2,"ppb","2025-05-17T04:45:00Z","2025-05-17T10:15:00+05:30","Asia/Kolkata",28.636429,77.201067,,,,"Delhi Pollution Control Committee","CPCB"
6358,"Mandir Marg, New Delhi - DPCC","so2",11.5,"ppb","2025-05-17T05:00:00Z","2025-05-17T10:30:00+05:30","Asia/Kolkata",28.636429,77.201067,,,,"Delhi Pollution Control Committee","CPCB"
6358,"Mandir Marg, New Delhi - DPCC","so2",11.5,"ppb","2025-05-17T05:15:00Z","2025-05-17T10:45:00+05:30","Asia/Kolkata",28.636429,77.201067,,,,"Delhi Pollution Control Committee","CPCB"
6358,"Mandir Marg, New Delhi - DPCC","so2",10.2,"ppb","2025-05-17T05:30:00Z","2025-05-17T11:00:00+05:30","Asia/Kolkata",28.636429,77.201067,,,,"Delhi Pollution Control Committee","CPCB"
6358,"Mandir Marg, New Delhi - DPCC","so2",8.6,"ppb","2025-05-17T05:45:00Z","2025-05-17T11:15:00+05:30","Asia/Kolkata",28.636429,77.201067,,,,"Delhi Pollution Control Committee","CPCB"
6358,"Mandir Marg, New Delhi - DPCC","so2",6.8,"ppb","2025-05-17T06:00:00Z","2025-05-17T11:30:00+05:30","Asia/Kolkata",28.636429,77.201067,,,,"Delhi Pollution Control Committee","CPCB"
6358,"Mandir Marg, New Delhi - DPCC","so2",7.6,"ppb","2025-05-17T06:15:00Z","2025-05-17T11:45:00+05:30","Asia/Kolkata",28.636429,77.201067,,,,"Delhi Pollution Control Committee","CPCB"
6358,"Mandir Marg, New Delhi - DPCC","so2",13.1,"ppb","2025-05-17T06:30:00Z","2025-05-17T12:00:00+05:30","Asia/Kolkata",28.636429,77.201067,,,,"Delhi Pollution Control Committee","CPCB"
6358,"Mandir Marg, New Delhi - DPCC","so2",14.4,"ppb","2025-05-17T06:45:00Z","2025-05-17T12:15:00+05:30","Asia/Kolkata",28.636429,77.201067,,,,"Delhi Pollution Control Committee","CPCB"
6358,"Mandir Marg, New Delhi - DPCC","so2",10.5,"ppb","2025-05-17T07:00:00Z","2025-05-17T12:30:00+05:30","Asia/Kolkata",28.636429,77.201067,,,,"Delhi Pollution Control Committee","CPCB"
6358,"Mandir Marg, New Delhi - DPCC","so2",8.4,"ppb","2025-05-17T07:15:00Z","2025-05-17T12:45:00+05:30","Asia/Kolkata",28.636429,77.201067,,,,"Delhi Pollution Control Committee","CPCB"
6358,"Mandir Marg, New Delhi - DPCC","so2",8.1,"ppb","2025-05-17T07:30:00Z","2025-05-17T13:00:00+05:30","Asia/Kolkata",28.636429,77.201067,,,,"Delhi Pollution Control Committee","CPCB"
6358,"Mandir Marg, New Delhi - DPCC","so2",6.8,"ppb","2025-05-17T07:45:00Z","2025-05-17T13:15:00+05:30","Asia/Kolkata",28.636429,77.201067,,,,"Delhi Pollution Control Committee","CPCB"
6358,"Mandir Marg, New Delhi - DPCC","so2",3.9,"ppb","2025-05-17T08:00:00Z","2025-05-17T13:30:00+05:30","Asia/Kolkata",28.636429,77.201067,,,,"Delhi Pollution Control Committee","CPCB"
6358,"Mandir Marg, New Delhi - DPCC","so2",5,"ppb","2025-05-17T08:15:00Z","2025-05-17T13:45:00+05:30","Asia/Kolkata",28.636429,77.201067,,,,"Delhi Pollution Control Committee","CPCB"
6358,"Mandir Marg, New Delhi - DPCC","so2",7.3,"ppb","2025-05-17T08:30:00Z","2025-05-17T14:00:00+05:30","Asia/Kolkata",28.636429,77.201067,,,,"Delhi Pollution Control Committee","CPCB"
6358,"Mandir Marg, New Delhi - DPCC","so2",10.2,"ppb","2025-05-17T08:45:00Z","2025-05-17T14:15:00+05:30","Asia/Kolkata",28.636429,77.201067,,,,"Delhi Pollution Control Committee","CPCB"
6358,"Mandir Marg, New Delhi - DPCC","so2",9.4,"ppb","2025-05-17T09:00:00Z","2025-05-17T14:30:00+05:30","Asia/Kolkata",28.636429,77.201067,,,,"Delhi Pollution Control Committee","CPCB"
6358,"Mandir Marg, New Delhi - DPCC","so2",10,"ppb","2025-05-17T09:15:00Z","2025-05-17T14:45:00+05:30","Asia/Kolkata",28.636429,77.201067,,,,"Delhi Pollution Control Committee","CPCB"
6358,"Mandir Marg, New Delhi - DPCC","so2",10.2,"ppb","2025-05-17T09:30:00Z","2025-05-17T15:00:00+05:30","Asia/Kolkata",28.636429,77.201067,,,,"Delhi Pollution Control Committee","CPCB"
6358,"Mandir Marg, New Delhi - DPCC","so2",9.2,"ppb","2025-05-17T09:45:00Z","2025-05-17T15:15:00+05:30","Asia/Kolkata",28.636429,77.201067,,,,"Delhi Pollution Control Committee","CPCB"
6358,"Mandir Marg, New Delhi - DPCC","so2",7.9,"ppb","2025-05-17T10:00:00Z","2025-05-17T15:30:00+05:30","Asia/Kolkata",28.636429,77.201067,,,,"Delhi Pollution Control Committee","CPCB"
6358,"Mandir Marg, New Delhi - DPCC","so2",7.6,"ppb","2025-05-17T10:15:00Z","2025-05-17T15:45:00+05:30","Asia/Kolkata",28.636429,77.201067,,,,"Delhi Pollution Control Committee","CPCB"
6358,"Mandir Marg, New Delhi - DPCC","so2",7.1,"ppb","2025-05-17T10:30:00Z","2025-05-17T16:00:00+05:30","Asia/Kolkata",28.636429,77.201067,,,,"Delhi Pollution Control Committee","CPCB"
6358,"Mandir Marg, New Delhi - DPCC","so2",6.6,"ppb","2025-05-17T10:45:00Z","2025-05-17T16:15:00+05:30","Asia/Kolkata",28.636429,77.201067,,,,"Delhi Pollution Control Committee","CPCB"
6358,"Mandir Marg, New Delhi - DPCC","so2",6.3,"ppb","2025-05-17T11:00:00Z","2025-05-17T16:30:00+05:30","Asia/Kolkata",28.636429,77.201067,,,,"Delhi Pollution Control Committee","CPCB"
6358,"Mandir Marg, New Delhi - DPCC","so2",5.5,"ppb","2025-05-17T11:15:00Z","2025-05-17T16:45:00+05:30","Asia/Kolkata",28.636429,77.201067,,,,"Delhi Pollution Control Committee","CPCB"
6358,"Mandir Marg, New Delhi - DPCC","so2",5,"ppb","2025-05-17T11:30:00Z","2025-05-17T17:00:00+05:30","Asia/Kolkata",28.636429,77.201067,,,,"Delhi Pollution Control Committee","CPCB"
6358,"Mandir Marg, New Delhi - DPCC","so2",4.7,"ppb","2025-05-17T11:45:00Z","2025-05-17T17:15:00+05:30","Asia/Kolkata",28.636429,77.201067,,,,"Delhi Pollution Control Committee","CPCB"
6358,"Mandir Marg, New Delhi - DPCC","so2",4.2,"ppb","2025-05-17T12:00:00Z","2025-05-17T17:30:00+05:30","Asia/Kolkata",28.636429,77.201067,,,,"Delhi Pollution Control Committee","CPCB"
6358,"Mandir Marg, New Delhi - DPCC","so2",5.8,"ppb","2025-05-17T12:15:00Z","2025-05-17T17:45:00+05:30","Asia/Kolkata",28.636429,77.201067,,,,"Delhi Pollution Control Committee","CPCB"
6358,"Mandir Marg, New Delhi - DPCC","so2",5.5,"ppb","2025-05-17T12:30:00Z","2025-05-17T18:00:00+05:30","Asia/Kolkata",28.636429,77.201067,,,,"Delhi Pollution Control Committee","CPCB"
6358,"Mandir Marg, New Delhi - DPCC","so2",4.2,"ppb","2025-05-17T12:45:00Z","2025-05-17T18:15:00+05:30","Asia/Kolkata",28.636429,77.201067,,,,"Delhi Pollution Control Committee","CPCB"
6358,"Mandir Marg, New Delhi - DPCC","so2",3.9,"ppb","2025-05-17T13:00:00Z","2025-05-17T18:30:00+05:30","Asia/Kolkata",28.636429,77.201067,,,,"Delhi Pollution Control Committee","CPCB"
6358,"Mandir Marg, New Delhi - DPCC","so2",5.2,"ppb","2025-05-17T13:15:00Z","2025-05-17T18:45:00+05:30","Asia/Kolkata",28.636429,77.201067,,,,"Delhi Pollution Control Committee","CPCB"
6358,"Mandir Marg, New Delhi - DPCC","so2",6.6,"ppb","2025-05-17T13:30:00Z","2025-05-17T19:00:00+05:30","Asia/Kolkata",28.636429,77.201067,,,,"Delhi Pollution Control Committee","CPCB"
6358,"Mandir Marg, New Delhi - DPCC","so2",5.8,"ppb","2025-05-17T13:45:00Z","2025-05-17T19:15:00+05:30","Asia/Kolkata",28.636429,77.201067,,,,"Delhi Pollution Control Committee","CPCB"
6358,"Mandir Marg, New Delhi - DPCC","so2",5.2,"ppb","2025-05-17T14:00:00Z","2025-05-17T19:30:00+05:30","Asia/Kolkata",28.636429,77.201067,,,,"Delhi Pollution Control Committee","CPCB"
6358,"Mandir Marg, New Delhi - DPCC","so2",3.4,"ppb","2025-05-17T14:15:00Z","2025-05-17T19:45:00+05:30","Asia/Kolkata",28.636429,77.201067,,,,"Delhi Pollution Control Committee","CPCB"
6358,"Mandir Marg, New Delhi - DPCC","so2",2.9,"ppb","2025-05-17T14:30:00Z","2025-05-17T20:00:00+05:30","Asia/Kolkata",28.636429,77.201067,,,,"Delhi Pollution Control Committee","CPCB"
6358,"Mandir Marg, New Delhi - DPCC","so2",2.6,"ppb","2025-05-17T14:45:00Z","2025-05-17T20:15:00+05:30","Asia/Kolkata",28.636429,77.201067,,,,"Delhi Pollution Control Committee","CPCB"
6358,"Mandir Marg, New Delhi - DPCC","so2",1.8,"ppb","2025-05-17T15:00:00Z","2025-05-17T20:30:00+05:30","Asia/Kolkata",28.636429,77.201067,,,,"Delhi Pollution Control Committee","CPCB"
6358,"Mandir Marg, New Delhi - DPCC","so2",4.5,"ppb","2025-05-17T15:15:00Z","2025-05-17T20:45:00+05:30","Asia/Kolkata",28.636429,77.201067,,,,"Delhi Pollution Control Committee","CPCB"
6358,"Mandir Marg, New Delhi - DPCC","so2",4.5,"ppb","2025-05-17T15:30:00Z","2025-05-17T21:00:00+05:30","Asia/Kolkata",28.636429,77.201067,,,,"Delhi Pollution Control Committee","CPCB"
6358,"Mandir Marg, New Delhi - DPCC","so2",5.2,"ppb","2025-05-17T15:45:00Z","2025-05-17T21:15:00+05:30","Asia/Kolkata",28.636429,77.201067,,,,"Delhi Pollution Control Committee","CPCB"
6358,"Mandir Marg, New Delhi - DPCC","so2",1.8,"ppb","2025-05-17T16:00:00Z","2025-05-17T21:30:00+05:30","Asia/Kolkata",28.636429,77.201067,,,,"Delhi Pollution Control Committee","CPCB"
6358,"Mandir Marg, New Delhi - DPCC","so2",2.6,"ppb","2025-05-17T16:15:00Z","2025-05-17T21:45:00+05:30","Asia/Kolkata",28.636429,77.201067,,,,"Delhi Pollution Control Committee","CPCB"
6358,"Mandir Marg, New Delhi - DPCC","so2",2.9,"ppb","2025-05-17T16:30:00Z","2025-05-17T22:00:00+05:30","Asia/Kolkata",28.636429,77.201067,,,,"Delhi Pollution Control Committee","CPCB"
6358,"Mandir Marg, New Delhi - DPCC","so2",2.4,"ppb","2025-05-17T16:45:00Z","2025-05-17T22:15:00+05:30","Asia/Kolkata",28.636429,77.201067,,,,"Delhi Pollution Control Committee","CPCB"
6358,"Mandir Marg, New Delhi - DPCC","so2",3.9,"ppb","2025-05-17T17:00:00Z","2025-05-17T22:30:00+05:30","Asia/Kolkata",28.636429,77.201067,,,,"Delhi Pollution Control Committee","CPCB"
6358,"Mandir Marg, New Delhi - DPCC","so2",2.1,"ppb","2025-05-17T17:15:00Z","2025-05-17T22:45:00+05:30","Asia/Kolkata",28.636429,77.201067,,,,"Delhi Pollution Control Committee","CPCB"
6358,"Mandir Marg, New Delhi - DPCC","so2",1.6,"ppb","2025-05-17T17:30:00Z","2025-05-17T23:00:00+05:30","Asia/Kolkata",28.636429,77.201067,,,,"Delhi Pollution Control Committee","CPCB"
6358,"Mandir Marg, New Delhi - DPCC","so2",2.1,"ppb","2025-05-17T17:45:00Z","2025-05-17T23:15:00+05:30","Asia/Kolkata",28.636429,77.201067,,,,"Delhi Pollution Control Committee","CPCB"
6358,"Mandir Marg, New Delhi - DPCC","so2",1.8,"ppb","2025-05-17T18:00:00Z","2025-05-17T23:30:00+05:30","Asia/Kolkata",28.636429,77.201067,,,,"Delhi Pollution Control Committee","CPCB"
6358,"Mandir Marg, New Delhi - DPCC","so2",3.7,"ppb","2025-05-17T19:15:00Z","2025-05-18T00:45:00+05:30","Asia/Kolkata",28.636429,77.201067,,,,"Delhi Pollution Control Committee","CPCB"
6358,"Mandir Marg, New Delhi - DPCC","so2",7.6,"ppb","2025-05-17T19:30:00Z","2025-05-18T01:00:00+05:30","Asia/Kolkata",28.636429,77.201067,,,,"Delhi Pollution Control Committee","CPCB"
6358,"Mandir Marg, New Delhi - DPCC","so2",8.4,"ppb","2025-05-17T19:45:00Z","2025-05-18T01:15:00+05:30","Asia/Kolkata",28.636429,77.201067,,,,"Delhi Pollution Control Committee","CPCB"
6358,"Mandir Marg, New Delhi - DPCC","so2",6.3,"ppb","2025-05-17T20:00:00Z","2025-05-18T01:30:00+05:30","Asia/Kolkata",28.636429,77.201067,,,,"Delhi Pollution Control Committee","CPCB"
6358,"Mandir Marg, New Delhi - DPCC","so2",5.2,"ppb","2025-05-17T20:15:00Z","2025-05-18T01:45:00+05:30","Asia/Kolkata",28.636429,77.201067,,,,"Delhi Pollution Control Committee","CPCB"
6358,"Mandir Marg, New Delhi - DPCC","so2",6.8,"ppb","2025-05-17T20:30:00Z","2025-05-18T02:00:00+05:30","Asia/Kolkata",28.636429,77.201067,,,,"Delhi Pollution Control Committee","CPCB"
6358,"Mandir Marg, New Delhi - DPCC","so2",6.8,"ppb","2025-05-17T21:30:00Z","2025-05-18T03:00:00+05:30","Asia/Kolkata",28.636429,77.201067,,,,"Delhi Pollution Control Committee","CPCB"
6358,"Mandir Marg, New Delhi - DPCC","so2",6.6,"ppb","2025-05-17T21:45:00Z","2025-05-18T03:15:00+05:30","Asia/Kolkata",28.636429,77.201067,,,,"Delhi Pollution Control Committee","CPCB"
6358,"Mandir Marg, New Delhi - DPCC","so2",8.4,"ppb","2025-05-17T22:00:00Z","2025-05-18T03:30:00+05:30","Asia/Kolkata",28.636429,77.201067,,,,"Delhi Pollution Control Committee","CPCB"
6358,"Mandir Marg, New Delhi - DPCC","so2",5.5,"ppb","2025-05-17T22:15:00Z","2025-05-18T03:45:00+05:30","Asia/Kolkata",28.636429,77.201067,,,,"Delhi Pollution Control Committee","CPCB"
6358,"Mandir Marg, New Delhi - DPCC","so2",3.4,"ppb","2025-05-17T22:30:00Z","2025-05-18T04:00:00+05:30","Asia/Kolkata",28.636429,77.201067,,,,"Delhi Pollution Control Committee","CPCB"
6358,"Mandir Marg, New Delhi - DPCC","so2",6.8,"ppb","2025-05-17T22:45:00Z","2025-05-18T04:15:00+05:30","Asia/Kolkata",28.636429,77.201067,,,,"Delhi Pollution Control Committee","CPCB"
6358,"Mandir Marg, New Delhi - DPCC","so2",6.8,"ppb","2025-05-17T23:00:00Z","2025-05-18T04:30:00+05:30","Asia/Kolkata",28.636429,77.201067,,,,"Delhi Pollution Control Committee","CPCB"
6358,"Mandir Marg, New Delhi - DPCC","so2",5.8,"ppb","2025-05-17T23:15:00Z","2025-05-18T04:45:00+05:30","Asia/Kolkata",28.636429,77.201067,,,,"Delhi Pollution Control Committee","CPCB"
6358,"Mandir Marg, New Delhi - DPCC","so2",5,"ppb","2025-05-17T23:30:00Z","2025-05-18T05:00:00+05:30","Asia/Kolkata",28.636429,77.201067,,,,"Delhi Pollution Control Committee","CPCB"
6358,"Mandir Marg, New Delhi - DPCC","so2",4.5,"ppb","2025-05-18T00:00:00Z","2025-05-18T05:30:00+05:30","Asia/Kolkata",28.636429,77.201067,,,,"Delhi Pollution Control Committee","CPCB"
6358,"Mandir Marg, New Delhi - DPCC","temperature",25.5,"c","2025-05-17T00:15:00Z","2025-05-17T05:45:00+05:30","Asia/Kolkata",28.636429,77.201067,,,,"Delhi Pollution Control Committee","CPCB"
6358,"Mandir Marg, New Delhi - DPCC","temperature",25.2,"c","2025-05-17T00:30:00Z","2025-05-17T06:00:00+05:30","Asia/Kolkata",28.636429,77.201067,,,,"Delhi Pollution Control Committee","CPCB"
6358,"Mandir Marg, New Delhi - DPCC","temperature",24,"c","2025-05-17T00:45:00Z","2025-05-17T06:15:00+05:30","Asia/Kolkata",28.636429,77.201067,,,,"Delhi Pollution Control Committee","CPCB"
6358,"Mandir Marg, New Delhi - DPCC","temperature",26.3,"c","2025-05-17T01:15:00Z","2025-05-17T06:45:00+05:30","Asia/Kolkata",28.636429,77.201067,,,,"Delhi Pollution Control Committee","CPCB"
6358,"Mandir Marg, New Delhi - DPCC","temperature",26.5,"c","2025-05-17T01:30:00Z","2025-05-17T07:00:00+05:30","Asia/Kolkata",28.636429,77.201067,,,,"Delhi Pollution Control Committee","CPCB"
6358,"Mandir Marg, New Delhi - DPCC","temperature",27.4,"c","2025-05-17T01:45:00Z","2025-05-17T07:15:00+05:30","Asia/Kolkata",28.636429,77.201067,,,,"Delhi Pollution Control Committee","CPCB"
6358,"Mandir Marg, New Delhi - DPCC","temperature",26.9,"c","2025-05-17T02:00:00Z","2025-05-17T07:30:00+05:30","Asia/Kolkata",28.636429,77.201067,,,,"Delhi Pollution Control Committee","CPCB"
6358,"Mandir Marg, New Delhi - DPCC","temperature",26.4,"c","2025-05-17T02:15:00Z","2025-05-17T07:45:00+05:30","Asia/Kolkata",28.636429,77.201067,,,,"Delhi Pollution Control Committee","CPCB"
6358,"Mandir Marg, New Delhi - DPCC","temperature",26.7,"c","2025-05-17T02:30:00Z","2025-05-17T08:00:00+05:30","Asia/Kolkata",28.636429,77.201067,,,,"Delhi Pollution Control Committee","CPCB"
6358,"Mandir Marg, New Delhi - DPCC","temperature",27.6,"c","2025-05-17T02:45:00Z","2025-05-17T08:15:00+05:30","Asia/Kolkata",28.636429,77.201067,,,,"Delhi Pollution Control Committee","CPCB"
6358,"Mandir Marg, New Delhi - DPCC","temperature",30,"c","2025-05-17T03:00:00Z","2025-05-17T08:30:00+05:30","Asia/Kolkata",28.636429,77.201067,,,,"Delhi Pollution Control Committee","CPCB"
6358,"Mandir Marg, New Delhi - DPCC","temperature",31.6,"c","2025-05-17T03:15:00Z","2025-05-17T08:45:00+05:30","Asia/Kolkata",28.636429,77.201067,,,,"Delhi Pollution Control Committee","CPCB"
6358,"Mandir Marg, New Delhi - DPCC","temperature",33.4,"c","2025-05-17T03:30:00Z","2025-05-17T09:00:00+05:30","Asia/Kolkata",28.636429,77.201067,,,,"Delhi Pollution Control Committee","CPCB"
6358,"Mandir Marg, New Delhi - DPCC","temperature",34.3,"c","2025-05-17T03:45:00Z","2025-05-17T09:15:00+05:30","Asia/Kolkata",28.636429,77.201067,,,,"Delhi Pollution Control Committee","CPCB"
6358,"Mandir Marg, New Delhi - DPCC","temperature",35.1,"c","2025-05-17T04:00:00Z","2025-05-17T09:30:00+05:30","Asia/Kolkata",28.636429,77.201067,,,,"Delhi Pollution Control Committee","CPCB"
6358,"Mandir Marg, New Delhi - DPCC","temperature",36.1,"c","2025-05-17T04:15:00Z","2025-05-17T09:45:00+05:30","Asia/Kolkata",28.636429,77.201067,,,,"Delhi Pollution Control Committee","CPCB"
6358,"Mandir Marg, New Delhi - DPCC","temperature",36.4,"c","2025-05-17T04:30:00Z","2025-05-17T10:00:00+05:30","Asia/Kolkata",28.636429,77.201067,,,,"Delhi Pollution Control Committee","CPCB"
6358,"Mandir Marg, New Delhi - DPCC","temperature",37,"c","2025-05-17T04:45:00Z","2025-05-17T10:15:00+05:30","Asia/Kolkata",28.636429,77.201067,,,,"Delhi Pollution Control Committee","CPCB"
6358,"Mandir Marg, New Delhi - DPCC","temperature",37.7,"c","2025-05-17T05:00:00Z","2025-05-17T10:30:00+05:30","Asia/Kolkata",28.636429,77.201067,,,,"Delhi Pollution Control Committee","CPCB"
6358,"Mandir Marg, New Delhi - DPCC","temperature",38.2,"c","2025-05-17T05:15:00Z","2025-05-17T10:45:00+05:30","Asia/Kolkata",28.636429,77.201067,,,,"Delhi Pollution Control Committee","CPCB"
6358,"Mandir Marg, New Delhi - DPCC","temperature",38.3,"c","2025-05-17T05:30:00Z","2025-05-17T11:00:00+05:30","Asia/Kolkata",28.636429,77.201067,,,,"Delhi Pollution Control Committee","CPCB"
6358,"Mandir Marg, New Delhi - DPCC","temperature",38.2,"c","2025-05-17T05:45:00Z","2025-05-17T11:15:00+05:30","Asia/Kolkata",28.636429,77.201067,,,,"Delhi Pollution Control Committee","CPCB"
6358,"Mandir Marg, New Delhi - DPCC","temperature",38.9,"c","2025-05-17T06:00:00Z","2025-05-17T11:30:00+05:30","Asia/Kolkata",28.636429,77.201067,,,,"Delhi Pollution Control Committee","CPCB"
6358,"Mandir Marg, New Delhi - DPCC","temperature",38.8,"c","2025-05-17T06:15:00Z","2025-05-17T11:45:00+05:30","Asia/Kolkata",28.636429,77.201067,,,,"Delhi Pollution Control Committee","CPCB"
6358,"Mandir Marg, New Delhi - DPCC","temperature",39.7,"c","2025-05-17T06:30:00Z","2025-05-17T12:00:00+05:30","Asia/Kolkata",28.636429,77.201067,,,,"Delhi Pollution Control Committee","CPCB"
6358,"Mandir Marg, New Delhi - DPCC","temperature",40.8,"c","2025-05-17T06:45:00Z","2025-05-17T12:15:00+05:30","Asia/Kolkata",28.636429,77.201067,,,,"Delhi Pollution Control Committee","CPCB"
6358,"Mandir Marg, New Delhi - DPCC","temperature",41.5,"c","2025-05-17T07:00:00Z","2025-05-17T12:30:00+05:30","Asia/Kolkata",28.636429,77.201067,,,,"Delhi Pollution Control Committee","CPCB"
6358,"Mandir Marg, New Delhi - DPCC","temperature",42.2,"c","2025-05-17T07:15:00Z","2025-05-17T12:45:00+05:30","Asia/Kolkata",28.636429,77.201067,,,,"Delhi Pollution Control Committee","CPCB"
6358,"Mandir Marg, New Delhi - DPCC","temperature",42.1,"c","2025-05-17T07:30:00Z","2025-05-17T13:00:00+05:30","Asia/Kolkata",28.636429,77.201067,,,,"Delhi Pollution Control Committee","CPCB"
6358,"Mandir Marg, New Delhi - DPCC","temperature",42.7,"c","2025-05-17T07:45:00Z","2025-05-17T13:15:00+05:30","Asia/Kolkata",28.636429,77.201067,,,,"Delhi Pollution Control Committee","CPCB"
6358,"Mandir Marg, New Delhi - DPCC","temperature",42.6,"c","2025-05-17T08:00:00Z","2025-05-17T13:30:00+05:30","Asia/Kolkata",28.636429,77.201067,,,,"Delhi Pollution Control Committee","CPCB"
6358,"Mandir Marg, New Delhi - DPCC","temperature",42.7,"c","2025-05-17T08:15:00Z","2025-05-17T13:45:00+05:30","Asia/Kolkata",28.636429,77.201067,,,,"Delhi Pollution Control Committee","CPCB"
6358,"Mandir Marg, New Delhi - DPCC","temperature",42.7,"c","2025-05-17T08:30:00Z","2025-05-17T14:00:00+05:30","Asia/Kolkata",28.636429,77.201067,,,,"Delhi Pollution Control Committee","CPCB"
6358,"Mandir Marg, New Delhi - DPCC","temperature",43.1,"c","2025-05-17T08:45:00Z","2025-05-17T14:15:00+05:30","Asia/Kolkata",28.636429,77.201067,,,,"Delhi Pollution Control Committee","CPCB"
6358,"Mandir Marg, New Delhi - DPCC","temperature",40.2,"c","2025-05-17T09:00:00Z","2025-05-17T14:30:00+05:30","Asia/Kolkata",28.636429,77.201067,,,,"Delhi Pollution Control Committee","CPCB"
6358,"Mandir Marg, New Delhi - DPCC","temperature",39.8,"c","2025-05-17T09:15:00Z","2025-05-17T14:45:00+05:30","Asia/Kolkata",28.636429,77.201067,,,,"Delhi Pollution Control Committee","CPCB"
6358,"Mandir Marg, New Delhi - DPCC","temperature",39,"c","2025-05-17T09:30:00Z","2025-05-17T15:00:00+05:30","Asia/Kolkata",28.636429,77.201067,,,,"Delhi Pollution Control Committee","CPCB"
6358,"Mandir Marg, New Delhi - DPCC","temperature",30.6,"c","2025-05-17T09:45:00Z","2025-05-17T15:15:00+05:30","Asia/Kolkata",28.636429,77.201067,,,,"Delhi Pollution Control Committee","CPCB"
6358,"Mandir Marg, New Delhi - DPCC","temperature",24.2,"c","2025-05-17T10:00:00Z","2025-05-17T15:30:00+05:30","Asia/Kolkata",28.636429,77.201067,,,,"Delhi Pollution Control Committee","CPCB"
6358,"Mandir Marg, New Delhi - DPCC","temperature",24.3,"c","2025-05-17T10:15:00Z","2025-05-17T15:45:00+05:30","Asia/Kolkata",28.636429,77.201067,,,,"Delhi Pollution Control Committee","CPCB"
6358,"Mandir Marg, New Delhi - DPCC","temperature",25.1,"c","2025-05-17T10:30:00Z","2025-05-17T16:00:00+05:30","Asia/Kolkata",28.636429,77.201067,,,,"Delhi Pollution Control Committee","CPCB"
6358,"Mandir Marg, New Delhi - DPCC","temperature",28,"c","2025-05-17T10:45:00Z","2025-05-17T16:15:00+05:30","Asia/Kolkata",28.636429,77.201067,,,,"Delhi Pollution Control Committee","CPCB"
6358,"Mandir Marg, New Delhi - DPCC","temperature",30,"c","2025-05-17T11:00:00Z","2025-05-17T16:30:00+05:30","Asia/Kolkata",28.636429,77.201067,,,,"Delhi Pollution Control Committee","CPCB"
6358,"Mandir Marg, New Delhi - DPCC","temperature",31.6,"c","2025-05-17T11:15:00Z","2025-05-17T16:45:00+05:30","Asia/Kolkata",28.636429,77.201067,,,,"Delhi Pollution Control Committee","CPCB"
6358,"Mandir Marg, New Delhi - DPCC","temperature",32.5,"c","2025-05-17T11:30:00Z","2025-05-17T17:00:00+05:30","Asia/Kolkata",28.636429,77.201067,,,,"Delhi Pollution Control Committee","CPCB"
6358,"Mandir Marg, New Delhi - DPCC","temperature",32.8,"c","2025-05-17T11:45:00Z","2025-05-17T17:15:00+05:30","Asia/Kolkata",28.636429,77.201067,,,,"Delhi Pollution Control Committee","CPCB"
6358,"Mandir Marg, New Delhi - DPCC","temperature",32.9,"c","2025-05-17T12:00:00Z","2025-05-17T17:30:00+05:30","Asia/Kolkata",28.636429,77.201067,,,,"Delhi Pollution Control Committee","CPCB"
6358,"Mandir Marg, New Delhi - DPCC","temperature",32.8,"c","2025-05-17T12:15:00Z","2025-05-17T17:45:00+05:30","Asia/Kolkata",28.636429,77.201067,,,,"Delhi Pollution Control Committee","CPCB"
6358,"Mandir Marg, New Delhi - DPCC","temperature",32.5,"c","2025-05-17T12:30:00Z","2025-05-17T18:00:00+05:30","Asia/Kolkata",28.636429,77.201067,,,,"Delhi Pollution Control Committee","CPCB"
6358,"Mandir Marg, New Delhi - DPCC","temperature",31.5,"c","2025-05-17T12:45:00Z","2025-05-17T18:15:00+05:30","Asia/Kolkata",28.636429,77.201067,,,,"Delhi Pollution Control Committee","CPCB"
6358,"Mandir Marg, New Delhi - DPCC","temperature",30.3,"c","2025-05-17T13:00:00Z","2025-05-17T18:30:00+05:30","Asia/Kolkata",28.636429,77.201067,,,,"Delhi Pollution Control Committee","CPCB"
6358,"Mandir Marg, New Delhi - DPCC","temperature",29,"c","2025-05-17T13:15:00Z","2025-05-17T18:45:00+05:30","Asia/Kolkata",28.636429,77.201067,,,,"Delhi Pollution Control Committee","CPCB"
6358,"Mandir Marg, New Delhi - DPCC","temperature",28.9,"c","2025-05-17T13:30:00Z","2025-05-17T19:00:00+05:30","Asia/Kolkata",28.636429,77.201067,,,,"Delhi Pollution Control Committee","CPCB"
6358,"Mandir Marg, New Delhi - DPCC","temperature",28,"c","2025-05-17T13:45:00Z","2025-05-17T19:15:00+05:30","Asia/Kolkata",28.636429,77.201067,,,,"Delhi Pollution Control Committee","CPCB"
6358,"Mandir Marg, New Delhi - DPCC","temperature",27.5,"c","2025-05-17T14:00:00Z","2025-05-17T19:30:00+05:30","Asia/Kolkata",28.636429,77.201067,,,,"Delhi Pollution Control Committee","CPCB"
6358,"Mandir Marg, New Delhi - DPCC","temperature",27.6,"c","2025-05-17T14:15:00Z","2025-05-17T19:45:00+05:30","Asia/Kolkata",28.636429,77.201067,,,,"Delhi Pollution Control Committee","CPCB"
6358,"Mandir Marg, New Delhi - DPCC","temperature",28,"c","2025-05-17T14:30:00Z","2025-05-17T20:00:00+05:30","Asia/Kolkata",28.636429,77.201067,,,,"Delhi Pollution Control Committee","CPCB"
6358,"Mandir Marg, New Delhi - DPCC","temperature",28.3,"c","2025-05-17T14:45:00Z","2025-05-17T20:15:00+05:30","Asia/Kolkata",28.636429,77.201067,,,,"Delhi Pollution Control Committee","CPCB"
6358,"Mandir Marg, New Delhi - DPCC","temperature",28.2,"c","2025-05-17T15:00:00Z","2025-05-17T20:30:00+05:30","Asia/Kolkata",28.636429,77.201067,,,,"Delhi Pollution Control Committee","CPCB"
6358,"Mandir Marg, New Delhi - DPCC","temperature",27.9,"c","2025-05-17T15:15:00Z","2025-05-17T20:45:00+05:30","Asia/Kolkata",28.636429,77.201067,,,,"Delhi Pollution Control Committee","CPCB"
6358,"Mandir Marg, New Delhi - DPCC","temperature",27.8,"c","2025-05-17T15:30:00Z","2025-05-17T21:00:00+05:30","Asia/Kolkata",28.636429,77.201067,,,,"Delhi Pollution Control Committee","CPCB"
6358,"Mandir Marg, New Delhi - DPCC","temperature",27.5,"c","2025-05-17T15:45:00Z","2025-05-17T21:15:00+05:30","Asia/Kolkata",28.636429,77.201067,,,,"Delhi Pollution Control Committee","CPCB"
6358,"Mandir Marg, New Delhi - DPCC","temperature",27.7,"c","2025-05-17T16:00:00Z","2025-05-17T21:30:00+05:30","Asia/Kolkata",28.636429,77.201067,,,,"Delhi Pollution Control Committee","CPCB"
6358,"Mandir Marg, New Delhi - DPCC","temperature",27.9,"c","2025-05-17T16:15:00Z","2025-05-17T21:45:00+05:30","Asia/Kolkata",28.636429,77.201067,,,,"Delhi Pollution Control Committee","CPCB"
6358,"Mandir Marg, New Delhi - DPCC","temperature",27.6,"c","2025-05-17T16:30:00Z","2025-05-17T22:00:00+05:30","Asia/Kolkata",28.636429,77.201067,,,,"Delhi Pollution Control Committee","CPCB"
6358,"Mandir Marg, New Delhi - DPCC","temperature",27.4,"c","2025-05-17T16:45:00Z","2025-05-17T22:15:00+05:30","Asia/Kolkata",28.636429,77.201067,,,,"Delhi Pollution Control Committee","CPCB"
6358,"Mandir Marg, New Delhi - DPCC","temperature",27,"c","2025-05-17T17:00:00Z","2025-05-17T22:30:00+05:30","Asia/Kolkata",28.636429,77.201067,,,,"Delhi Pollution Control Committee","CPCB"
6358,"Mandir Marg, New Delhi - DPCC","temperature",27,"c","2025-05-17T17:15:00Z","2025-05-17T22:45:00+05:30","Asia/Kolkata",28.636429,77.201067,,,,"Delhi Pollution Control Committee","CPCB"
6358,"Mandir Marg, New Delhi - DPCC","temperature",27.4,"c","2025-05-17T17:30:00Z","2025-05-17T23:00:00+05:30","Asia/Kolkata",28.636429,77.201067,,,,"Delhi Pollution Control Committee","CPCB"
6358,"Mandir Marg, New Delhi - DPCC","temperature",27.5,"c","2025-05-17T17:45:00Z","2025-05-17T23:15:00+05:30","Asia/Kolkata",28.636429,77.201067,,,,"Delhi Pollution Control Committee","CPCB"
6358,"Mandir Marg, New Delhi - DPCC","temperature",26.9,"c","2025-05-17T18:00:00Z","2025-05-17T23:30:00+05:30","Asia/Kolkata",28.636429,77.201067,,,,"Delhi Pollution Control Committee","CPCB"
6358,"Mandir Marg, New Delhi - DPCC","temperature",25.3,"c","2025-05-17T19:15:00Z","2025-05-18T00:45:00+05:30","Asia/Kolkata",28.636429,77.201067,,,,"Delhi Pollution Control Committee","CPCB"
6358,"Mandir Marg, New Delhi - DPCC","temperature",23.8,"c","2025-05-17T19:30:00Z","2025-05-18T01:00:00+05:30","Asia/Kolkata",28.636429,77.201067,,,,"Delhi Pollution Control Committee","CPCB"
6358,"Mandir Marg, New Delhi - DPCC","temperature",22.6,"c","2025-05-17T19:45:00Z","2025-05-18T01:15:00+05:30","Asia/Kolkata",28.636429,77.201067,,,,"Delhi Pollution Control Committee","CPCB"
6358,"Mandir Marg, New Delhi - DPCC","temperature",22,"c","2025-05-17T20:00:00Z","2025-05-18T01:30:00+05:30","Asia/Kolkata",28.636429,77.201067,,,,"Delhi Pollution Control Committee","CPCB"
6358,"Mandir Marg, New Delhi - DPCC","temperature",21.5,"c","2025-05-17T20:15:00Z","2025-05-18T01:45:00+05:30","Asia/Kolkata",28.636429,77.201067,,,,"Delhi Pollution Control Committee","CPCB"
6358,"Mandir Marg, New Delhi - DPCC","temperature",21.1,"c","2025-05-17T20:30:00Z","2025-05-18T02:00:00+05:30","Asia/Kolkata",28.636429,77.201067,,,,"Delhi Pollution Control Committee","CPCB"
6358,"Mandir Marg, New Delhi - DPCC","temperature",20.8,"c","2025-05-17T20:45:00Z","2025-05-18T02:15:00+05:30","Asia/Kolkata",28.636429,77.201067,,,,"Delhi Pollution Control Committee","CPCB"
6358,"Mandir Marg, New Delhi - DPCC","temperature",20.6,"c","2025-05-17T21:00:00Z","2025-05-18T02:30:00+05:30","Asia/Kolkata",28.636429,77.201067,,,,"Delhi Pollution Control Committee","CPCB"
6358,"Mandir Marg, New Delhi - DPCC","temperature",20.5,"c","2025-05-17T21:15:00Z","2025-05-18T02:45:00+05:30","Asia/Kolkata",28.636429,77.201067,,,,"Delhi Pollution Control Committee","CPCB"
6358,"Mandir Marg, New Delhi - DPCC","temperature",20.4,"c","2025-05-17T21:30:00Z","2025-05-18T03:00:00+05:30","Asia/Kolkata",28.636429,77.201067,,,,"Delhi Pollution Control Committee","CPCB"
6358,"Mandir Marg, New Delhi - DPCC","temperature",20.3,"c","2025-05-17T21:45:00Z","2025-05-18T03:15:00+05:30","Asia/Kolkata",28.636429,77.201067,,,,"Delhi Pollution Control Committee","CPCB"
6358,"Mandir Marg, New Delhi - DPCC","temperature",20,"c","2025-05-17T22:00:00Z","2025-05-18T03:30:00+05:30","Asia/Kolkata",28.636429,77.201067,,,,"Delhi Pollution Control Committee","CPCB"
6358,"Mandir Marg, New Delhi - DPCC","temperature",19.8,"c","2025-05-17T22:15:00Z","2025-05-18T03:45:00+05:30","Asia/Kolkata",28.636429,77.201067,,,,"Delhi Pollution Control Committee","CPCB"
6358,"Mandir Marg, New Delhi - DPCC","temperature",19.6,"c","2025-05-17T22:30:00Z","2025-05-18T04:00:00+05:30","Asia/Kolkata",28.636429,77.201067,,,,"Delhi Pollution Control Committee","CPCB"
6358,"Mandir Marg, New Delhi - DPCC","temperature",19.4,"c","2025-05-17T22:45:00Z","2025-05-18T04:15:00+05:30","Asia/Kolkata",28.636429,77.201067,,,,"Delhi Pollution Control Committee","CPCB"
6358,"Mandir Marg, New Delhi - DPCC","temperature",19.3,"c","2025-05-17T23:00:00Z","2025-05-18T04:30:00+05:30","Asia/Kolkata",28.636429,77.201067,,,,"Delhi Pollution Control Committee","CPCB"
6358,"Mandir Marg, New Delhi - DPCC","temperature",19.3,"c","2025-05-17T23:15:00Z","2025-05-18T04:45:00+05:30","Asia/Kolkata",28.636429,77.201067,,,,"Delhi Pollution Control Committee","CPCB"
6358,"Mandir Marg, New Delhi - DPCC","temperature",19.2,"c","2025-05-17T23:30:00Z","2025-05-18T05:00:00+05:30","Asia/Kolkata",28.636429,77.201067,,,,"Delhi Pollution Control Committee","CPCB"
6358,"Mandir Marg, New Delhi - DPCC","temperature",19.1,"c","2025-05-18T00:00:00Z","2025-05-18T05:30:00+05:30","Asia/Kolkata",28.636429,77.201067,,,,"Delhi Pollution Control Committee","CPCB"